Continent,Continental_Section,Country,State_Province_Region,DMA_Rank,DMA_Name,Major_Cities
North America,Northern America,USA,Massachusetts,9,Boston (Manchester),"Boston, Cambridge, Worcester, Lawrence, Manchester NH"
North America,Northern America,USA,Massachusetts,115,Springfield-Holyoke,"Springfield, Holyoke, Chicopee"
North America,Northern America,USA,Connecticut,32,Hartford & New Haven,"Hartford, New Haven, New Britain, Waterbury, New London"
North America,Northern America,USA,Rhode Island,52,Providence-New Bedford,"Providence, Newport, New Bedford MA"
North America,Northern America,USA,Maine,78,Portland-Auburn,"Portland, Auburn, Poland Spring"
North America,Northern America,USA,Maine,156,Bangor,"Bangor, Orono"
North America,Northern America,USA,Maine,206,Presque Isle,"Presque Isle, Caribou"
North America,Northern America,USA,Vermont,93,Burlington-Plattsburgh,"Burlington VT, Plattsburgh NY"
North America,Northern America,USA,New Hampshire,,Covered by Boston and Burlington markets,
North America,Northern America,USA,New York,1,New York,"Manhattan, Brooklyn, Queens, Bronx, Staten Island, Long Island, Northern NJ suburbs"
North America,Northern America,USA,New York,62,Albany-Schenectady-Troy,"Albany, Schenectady, Troy, Saratoga Springs"
North America,Northern America,USA,New York,54,Buffalo,"Buffalo, Niagara Falls, Lockport"
North America,Northern America,USA,New York,79,Rochester NY,"Rochester, Greece, Irondequoit"
North America,Northern America,USA,New York,88,Syracuse,"Syracuse, Auburn, Oswego"
North America,Northern America,USA,New York,162,Binghamton,Binghamton
North America,Northern America,USA,New York,178,Elmira (Corning),"Elmira, Corning"
North America,Northern America,USA,New York,171,Utica,"Utica, Rome"
North America,Northern America,USA,New York,179,Watertown,"Watertown, Fort Drum"
North America,Northern America,USA,Pennsylvania,5,Philadelphia,"Philadelphia, Camden NJ, Burlington NJ"
North America,Northern America,USA,Pennsylvania,27,Pittsburgh,"Pittsburgh, Allegheny County"
North America,Northern America,USA,Pennsylvania,42,Harrisburg-Lancaster-Lebanon-York,"Harrisburg, Lancaster, York, Lebanon"
North America,Northern America,USA,Pennsylvania,59,Wilkes Barre-Scranton-Hazleton,"Scranton, Wilkes-Barre, Hazleton"
North America,Northern America,USA,Pennsylvania,112,Johnstown-Altoona-State College,"Johnstown, Altoona, State College"
North America,Northern America,USA,Pennsylvania,154,Erie,"Erie, Meadville"
North America,Northern America,USA,New Jersey,,Covered by New York and Philadelphia markets,
North America,Northern America,USA,Delaware,,Covered by Philadelphia and Salisbury markets,
North America,Northern America,USA,Maryland,29,Baltimore,"Baltimore, Towson, Columbia"
North America,Northern America,USA,Maryland,131,Salisbury,"Salisbury, Ocean City, Eastern Shore"
North America,Northern America,USA,Maryland,8,Washington D.C. (Hagerstown),"Hagerstown MD, Frederick MD"
North America,Northern America,USA,Washington D.C.,8,Washington D.C. (Hagerstown),"District of Columbia, Arlington VA, Alexandria VA, Montgomery County MD, Prince George's County MD"
North America,Northern America,USA,Virginia,44,Norfolk-Portsmouth-Newport News,"Norfolk, Virginia Beach, Portsmouth, Newport News, Hampton"
North America,Northern America,USA,Virginia,56,Richmond-Petersburg,"Richmond, Petersburg, Chester"
North America,Northern America,USA,Virginia,70,Roanoke-Lynchburg,"Roanoke, Lynchburg, Blacksburg"
North America,Northern America,USA,Virginia,176,Charlottesville,"Charlottesville, University of Virginia area"
North America,Northern America,USA,Virginia,173,Harrisonburg,"Harrisonburg, Shenandoah Valley"
North America,Northern America,USA,West Virginia,82,Charleston-Huntington,"Charleston, Huntington, Ashland KY"
North America,Northern America,USA,West Virginia,172,Clarksburg-Weston,"Clarksburg, Weston, Fairmont"
North America,Northern America,USA,West Virginia,163,Wheeling-Steubenville,"Wheeling WV, Steubenville OH"
North America,Northern America,USA,West Virginia,167,Bluefield-Beckley-Oak Hill,"Beckley, Bluefield, Oak Hill"
North America,Northern America,USA,West Virginia,194,Parkersburg,"Parkersburg, Marietta OH"
North America,Northern America,USA,North Carolina,21,Charlotte,"Charlotte, Gastonia, Rock Hill SC"
North America,Northern America,USA,North Carolina,22,Raleigh-Durham (Fayetteville),"Raleigh, Durham, Chapel Hill, Fayetteville"
North America,Northern America,USA,North Carolina,46,Greensboro-High Point-Winston-Salem,"Greensboro, Winston-Salem, High Point"
North America,Northern America,USA,North Carolina,36,Greenville-Spartanburg-Asheville-Anderson,"Asheville NC, Greenville SC, Spartanburg SC"
North America,Northern America,USA,North Carolina,102,Greenville-New Bern-Washington,"Greenville, New Bern, Washington"
North America,Northern America,USA,North Carolina,126,Wilmington NC,"Wilmington, Wrightsville Beach"
North America,Northern America,USA,South Carolina,76,Columbia SC,"Columbia, Lexington, West Columbia"
North America,Northern America,USA,South Carolina,85,Charleston SC,"Charleston, Mount Pleasant, North Charleston"
North America,Northern America,USA,South Carolina,97,Myrtle Beach-Florence,"Myrtle Beach, Florence, Conway"
North America,Northern America,USA,South Carolina,195,Greenwood-Greenville,"Greenwood, Smaller portion of Greenville area"
North America,Northern America,USA,Georgia,7,Atlanta,"Atlanta, Marietta, Sandy Springs, Roswell, Rome"
North America,Northern America,USA,Georgia,84,Savannah,"Savannah, Tybee Island, Hilton Head SC"
North America,Northern America,USA,Georgia,127,Columbus GA,"Columbus, Phenix City AL"
North America,Northern America,USA,Georgia,108,Augusta-Aiken,"Augusta GA, Aiken SC"
North America,Northern America,USA,Georgia,119,Macon,"Macon, Warner Robins"
North America,Northern America,USA,Georgia,152,Albany GA,"Albany, Dougherty County"
North America,Northern America,USA,Florida,18,Miami-Fort Lauderdale,"Miami, Fort Lauderdale, Miami Beach, Key West"
North America,Northern America,USA,Florida,11,Tampa-St. Petersburg (Sarasota),"Tampa, St. Petersburg, Sarasota, Clearwater"
North America,Northern America,USA,Florida,15,Orlando-Daytona Beach-Melbourne,"Orlando, Daytona Beach, Melbourne, Cocoa Beach"
North America,Northern America,USA,Florida,39,West Palm Beach-Fort Pierce,"West Palm Beach, Boca Raton, Fort Pierce"
North America,Northern America,USA,Florida,41,Jacksonville,"Jacksonville, St. Augustine"
North America,Northern America,USA,Florida,53,Fort Myers-Naples,"Fort Myers, Naples, Cape Coral"
North America,Northern America,USA,Florida,105,Tallahassee-Thomasville,"Tallahassee, Thomasville GA"
North America,Northern America,USA,Florida,157,Gainesville,"Gainesville, Ocala"
North America,Northern America,USA,Florida,148,Panama City,"Panama City, Panama City Beach"
North America,Northern America,USA,Kentucky,49,Louisville,"Louisville, Jeffersonville IN"
North America,Northern America,USA,Kentucky,63,Lexington,"Lexington, Frankfort"
North America,Northern America,USA,Kentucky,180,Bowling Green,"Bowling Green, Glasgow"
North America,Northern America,USA,Kentucky,90,Paducah-Cape Girardeau-Harrisburg,"Paducah KY, Cape Girardeau MO, Harrisburg IL"
North America,Northern America,USA,Tennessee,26,Nashville,"Nashville, Franklin, Murfreesboro"
North America,Northern America,USA,Tennessee,51,Memphis,"Memphis, Germantown, West Memphis AR"
North America,Northern America,USA,Tennessee,60,Knoxville,"Knoxville, Oak Ridge, Gatlinburg"
North America,Northern America,USA,Tennessee,86,Chattanooga,"Chattanooga, Cleveland"
North America,Northern America,USA,Tennessee,101,Tri-Cities TN-VA,"Bristol TN-VA, Kingsport TN, Johnson City TN"
North America,Northern America,USA,Tennessee,174,Jackson TN,"Jackson, Union City"
North America,Northern America,USA,Alabama,45,Birmingham (Anniston and Tuscaloosa),"Birmingham, Anniston, Tuscaloosa"
North America,Northern America,USA,Alabama,57,Mobile-Pensacola (Fort Walton Beach),"Mobile AL, Pensacola FL, Fort Walton Beach FL"
North America,Northern America,USA,Alabama,75,Huntsville-Decatur (Florence),"Huntsville, Decatur, Florence"
North America,Northern America,USA,Alabama,121,Montgomery-Selma,"Montgomery, Selma, Auburn"
North America,Northern America,USA,Alabama,170,Dothan,"Dothan, Enterprise"
North America,Northern America,USA,Mississippi,99,Jackson MS,"Jackson, Clinton, Pearl"
North America,Northern America,USA,Mississippi,134,Columbus-Tupelo-West Point-Starkville,"Columbus, Tupelo, Starkville, West Point"
North America,Northern America,USA,Mississippi,158,Biloxi-Gulfport,"Biloxi, Gulfport, Pascagoula"
North America,Northern America,USA,Mississippi,168,Hattiesburg-Laurel,"Hattiesburg, Laurel"
North America,Northern America,USA,Mississippi,192,Meridian,"Meridian, Lauderdale County"
North America,Northern America,USA,Arkansas,58,Little Rock-Pine Bluff,"Little Rock, Pine Bluff, Hot Springs"
North America,Northern America,USA,Arkansas,96,Fort Smith-Fayetteville-Springdale-Rogers,"Fort Smith, Fayetteville, Springdale, Rogers, Bentonville"
North America,Northern America,USA,Arkansas,182,Jonesboro,"Jonesboro, Paragould"
North America,Northern America,USA,Arkansas,142,Monroe-El Dorado,"El Dorado AR, Monroe LA"
North America,Northern America,USA,Louisiana,50,New Orleans,"New Orleans, Metairie, Kenner"
North America,Northern America,USA,Louisiana,95,Baton Rouge,"Baton Rouge, Denham Springs"
North America,Northern America,USA,Louisiana,124,Lafayette LA,"Lafayette, New Iberia"
North America,Northern America,USA,Louisiana,91,Shreveport-Texarkana,"Shreveport LA, Texarkana TX-AR"
North America,Northern America,USA,Louisiana,177,Lake Charles,"Lake Charles, Sulphur"
North America,Northern America,USA,Louisiana,183,Alexandria LA,"Alexandria, Pineville"
North America,Northern America,USA,Louisiana,142,Monroe-El Dorado,"Monroe LA, West Monroe"
North America,Northern America,USA,Oklahoma,47,Oklahoma City,"Oklahoma City, Norman, Edmond"
North America,Northern America,USA,Oklahoma,61,Tulsa,"Tulsa, Broken Arrow, Bartlesville"
North America,Northern America,USA,Oklahoma,160,Sherman-Ada,"Ada OK, Sherman TX"
North America,Northern America,USA,Texas,4,Dallas-Fort Worth,"Dallas, Fort Worth, Arlington, Irving, Plano"
North America,Northern America,USA,Texas,6,Houston,"Houston, The Woodlands, Sugar Land, Galveston"
North America,Northern America,USA,Texas,31,San Antonio,"San Antonio, New Braunfels, San Marcos"
North America,Northern America,USA,Texas,34,Austin TX,"Austin, Round Rock, Georgetown"
North America,Northern America,USA,Texas,89,El Paso (Las Cruces),"El Paso TX, Las Cruces NM"
North America,Northern America,USA,Texas,80,Harlingen-Weslaco-Brownsville-McAllen,"McAllen, Brownsville, Harlingen, South Padre Island"
North America,Northern America,USA,Texas,130,Corpus Christi,"Corpus Christi, Port Aransas"
North America,Northern America,USA,Texas,83,Waco-Temple-Bryan,"Waco, Temple, Bryan, College Station"
North America,Northern America,USA,Texas,143,Beaumont-Port Arthur,"Beaumont, Port Arthur, Orange"
North America,Northern America,USA,Texas,106,Tyler-Longview (Lufkin & Nacogdoches),"Tyler, Longview, Lufkin, Nacogdoches"
North America,Northern America,USA,Texas,132,Amarillo,"Amarillo, Canyon"
North America,Northern America,USA,Texas,140,Lubbock,"Lubbock, Levelland"
North America,Northern America,USA,Texas,144,Odessa-Midland,"Odessa, Midland, Big Spring"
North America,Northern America,USA,Texas,150,Wichita Falls & Lawton,"Wichita Falls TX, Lawton OK"
North America,Northern America,USA,Texas,166,Abilene-Sweetwater,"Abilene, Sweetwater"
North America,Northern America,USA,Texas,197,San Angelo,"San Angelo, Tom Green County"
North America,Northern America,USA,Texas,184,Laredo,"Laredo, Webb County"
North America,Northern America,USA,Texas,204,Victoria,"Victoria, Port Lavaca"
North America,Northern America,USA,Ohio,19,Cleveland-Akron (Canton),"Cleveland, Akron, Canton, Lorain"
North America,Northern America,USA,Ohio,35,Columbus OH,"Columbus, Dublin, Grove City"
North America,Northern America,USA,Ohio,37,Cincinnati,"Cincinnati, Hamilton, Newport KY"
North America,Northern America,USA,Ohio,64,Dayton,"Dayton, Kettering, Beavercreek"
North America,Northern America,USA,Ohio,81,Toledo,"Toledo, Findlay"
North America,Northern America,USA,Ohio,118,Youngstown,"Youngstown, Warren, Boardman"
North America,Northern America,USA,Ohio,190,Lima,"Lima, Allen County"
North America,Northern America,USA,Ohio,203,Zanesville,"Zanesville, Muskingum County"
North America,Northern America,USA,Indiana,25,Indianapolis,"Indianapolis, Carmel, Fishers, Bloomington"
North America,Northern America,USA,Indiana,110,Fort Wayne,"Fort Wayne, New Haven, Roanoke"
North America,Northern America,USA,Indiana,100,South Bend-Elkhart,"South Bend, Elkhart, Mishawaka, Notre Dame"
North America,Northern America,USA,Indiana,109,Evansville,"Evansville, Henderson KY"
North America,Northern America,USA,Indiana,189,Lafayette IN,"Lafayette, West Lafayette, Purdue University"
North America,Northern America,USA,Indiana,159,Terre Haute,"Terre Haute, Vigo County"
North America,Northern America,USA,Illinois,3,Chicago,"Chicago, Cook County suburbs, Lake County, DuPage County"
North America,Northern America,USA,Illinois,92,Champaign-Urbana & Springfield-Decatur,"Springfield, Champaign, Urbana, Decatur"
North America,Northern America,USA,Illinois,122,Peoria-Bloomington,"Peoria, Bloomington, Normal"
North America,Northern America,USA,Illinois,137,Rockford,"Rockford, Freeport"
North America,Northern America,USA,Illinois,175,Quincy-Hannibal-Keokuk,"Quincy IL, Hannibal MO, Keokuk IA"
North America,Northern America,USA,Illinois,104,Davenport-Rock Island-Moline,"Moline IL, Rock Island IL, Davenport IA"
North America,Northern America,USA,Michigan,14,Detroit,"Detroit, Dearborn, Warren, Ann Arbor, Windsor ON"
North America,Northern America,USA,Michigan,43,Grand Rapids-Kalamazoo-Battle Creek,"Grand Rapids, Kalamazoo, Battle Creek"
North America,Northern America,USA,Michigan,72,Flint-Saginaw-Bay City,"Flint, Saginaw, Bay City, Midland"
North America,Northern America,USA,Michigan,117,Lansing,"Lansing, East Lansing, Jackson"
North America,Northern America,USA,Michigan,116,Traverse City-Cadillac,"Traverse City, Cadillac, Petoskey"
North America,Northern America,USA,Michigan,181,Marquette,"Marquette, Escanaba, Upper Peninsula"
North America,Northern America,USA,Michigan,208,Alpena,"Alpena, Northeast Michigan"
North America,Northern America,USA,Wisconsin,38,Milwaukee,"Milwaukee, Waukesha, Racine, Kenosha"
North America,Northern America,USA,Wisconsin,77,Madison,"Madison, Janesville, Beloit"
North America,Northern America,USA,Wisconsin,68,Green Bay-Appleton,"Green Bay, Appleton, Oshkosh"
North America,Northern America,USA,Wisconsin,129,La Crosse-Eau Claire,"La Crosse, Eau Claire, Winona MN"
North America,Northern America,USA,Wisconsin,133,Wausau-Rhinelander,"Wausau, Rhinelander, Stevens Point"
North America,Northern America,USA,Wisconsin,138,Duluth-Superior,"Superior WI, Duluth MN"
North America,Northern America,USA,Minnesota,16,Minneapolis-St. Paul,"Minneapolis, St. Paul, Bloomington"
North America,Northern America,USA,Minnesota,138,Duluth-Superior,"Duluth MN, Superior WI"
North America,Northern America,USA,Minnesota,153,Rochester-Mason City-Austin,"Rochester MN, Mason City IA, Austin MN"
North America,Northern America,USA,Minnesota,199,Mankato,"Mankato, St. Peter"
North America,Northern America,USA,Iowa,67,Des Moines-Ames,"Des Moines, Ames, West Des Moines"
North America,Northern America,USA,Iowa,94,Cedar Rapids-Waterloo-Iowa City & Dubuque,"Cedar Rapids, Waterloo, Iowa City, Dubuque"
North America,Northern America,USA,Iowa,104,Davenport-Rock Island-Moline,"Davenport IA, Bettendorf IA, Rock Island IL"
North America,Northern America,USA,Iowa,149,Sioux City,"Sioux City, Sioux Center"
North America,Northern America,USA,Iowa,200,Ottumwa-Kirksville,"Ottumwa IA, Kirksville MO"
North America,Northern America,USA,Missouri,24,St. Louis,"St. Louis, Clayton, St. Charles, East St. Louis IL"
North America,Northern America,USA,Missouri,33,Kansas City,"Kansas City MO, Independence, Kansas City KS, Overland Park KS"
North America,Northern America,USA,Missouri,74,Springfield MO,"Springfield, Branson"
North America,Northern America,USA,Missouri,135,Columbia-Jefferson City,"Columbia, Jefferson City"
North America,Northern America,USA,Missouri,151,Joplin-Pittsburg,"Joplin MO, Pittsburg KS"
North America,Northern America,USA,Missouri,201,St. Joseph,"St. Joseph, Buchanan County"
North America,Northern America,USA,North Dakota,113,Fargo-Valley City,"Fargo, West Fargo, Valley City"
North America,Northern America,USA,North Dakota,147,Minot-Bismarck-Dickinson (Williston),"Bismarck, Minot, Dickinson, Williston"
North America,Northern America,USA,South Dakota,111,Sioux Falls (Mitchell),"Sioux Falls, Mitchell, Brookings"
North America,Northern America,USA,South Dakota,169,Rapid City,"Rapid City, Mount Rushmore area, Spearfish"
North America,Northern America,USA,Nebraska,73,Omaha,"Omaha, Council Bluffs IA, Bellevue"
North America,Northern America,USA,Nebraska,107,Lincoln & Hastings-Kearney,"Lincoln, Hastings, Kearney, Grand Island"
North America,Northern America,USA,Nebraska,209,North Platte,North Platte
North America,Northern America,USA,Nebraska,193,Cheyenne-Scottsbluff,"Scottsbluff NE, Cheyenne WY"
North America,Northern America,USA,Kansas,71,Wichita-Hutchinson Plus,"Wichita, Hutchinson, Derby"
North America,Northern America,USA,Kansas,141,Topeka,"Topeka, Lawrence, Manhattan"
North America,Northern America,USA,Arizona,12,Phoenix (Prescott),"Phoenix, Scottsdale, Mesa, Tempe, Prescott"
North America,Northern America,USA,Arizona,65,Tucson (Sierra Vista),"Tucson, Sierra Vista, Oro Valley"
North America,Northern America,USA,Arizona,164,Yuma-El Centro,"Yuma AZ, El Centro CA"
North America,Northern America,USA,New Mexico,48,Albuquerque-Santa Fe,"Albuquerque, Santa Fe, Rio Rancho"
North America,Northern America,USA,New Mexico,89,El Paso (Las Cruces),"Las Cruces NM, El Paso TX"
North America,Northern America,USA,Montana,165,Billings,"Billings, Laurel"
North America,Northern America,USA,Montana,161,Missoula,"Missoula, Kalispell"
North America,Northern America,USA,Montana,191,Great Falls,"Great Falls, Cascade County"
North America,Northern America,USA,Montana,185,Butte-Bozeman,"Butte, Bozeman, Livingston"
North America,Northern America,USA,Montana,205,Helena,"Helena, Lewis and Clark County"
North America,Northern America,USA,Montana,210,Glendive,"Glendive, Eastern Montana"
North America,Northern America,USA,Idaho,98,Boise,"Boise, Nampa, Meridian"
North America,Northern America,USA,Idaho,155,Idaho Falls-Pocatello (Jackson),"Idaho Falls, Pocatello, Jackson WY"
North America,Northern America,USA,Idaho,188,Twin Falls,"Twin Falls, Magic Valley"
North America,Northern America,USA,Wyoming,193,Cheyenne-Scottsbluff,"Cheyenne WY, Laramie, Scottsbluff NE"
North America,Northern America,USA,Wyoming,198,Casper-Riverton,"Casper, Riverton, Rock Springs"
North America,Northern America,USA,Colorado,17,Denver,"Denver, Aurora, Lakewood, Boulder, Fort Collins"
North America,Northern America,USA,Colorado,87,Colorado Springs-Pueblo,"Colorado Springs, Pueblo, Pikes Peak region"
North America,Northern America,USA,Colorado,187,Grand Junction-Montrose,"Grand Junction, Montrose, Delta"
North America,Northern America,USA,Nevada,40,Las Vegas,"Las Vegas, Henderson, North Las Vegas"
North America,Northern America,USA,Nevada,103,Reno,"Reno, Sparks, Carson City"
North America,Northern America,USA,Utah,28,Salt Lake City,"Salt Lake City, Provo, Ogden, Park City"
North America,Northern America,USA,California,2,Los Angeles,"Los Angeles, Long Beach, Glendale, Santa Ana, Anaheim, San Bernardino, Riverside, Corona"
North America,Northern America,USA,California,10,San Francisco-Oakland-San Jose,"San Francisco, Oakland, San Jose, Silicon Valley"
North America,Northern America,USA,California,30,San Diego,"San Diego, Carlsbad, Oceanside, Tijuana MX"
North America,Northern America,USA,California,20,Sacramento-Stockton-Modesto,"Sacramento, Stockton, Modesto, Davis"
North America,Northern America,USA,California,55,Fresno-Visalia,"Fresno, Visalia, Clovis, Hanford, Merced"
North America,Northern America,USA,California,123,Santa Barbara-Santa Maria-San Luis Obispo,"Santa Barbara, Santa Maria, San Luis Obispo"
North America,Northern America,USA,California,125,Bakersfield,"Bakersfield, Kern County"
North America,Northern America,USA,California,128,Monterey-Salinas,"Monterey, Salinas, Carmel"
North America,Northern America,USA,California,145,Palm Springs,"Palm Springs, Palm Desert, Indio"
North America,Northern America,USA,California,136,Chico-Redding,"Chico, Redding, Red Bluff"
North America,Northern America,USA,California,196,Eureka,"Eureka, Arcata, Humboldt County"
North America,Northern America,USA,California,164,Yuma-El Centro,"El Centro CA, Imperial Valley, Yuma AZ"
North America,Northern America,USA,Oregon,23,Portland OR,"Portland, Salem, Beaverton"
North America,Northern America,USA,Oregon,120,Eugene,"Eugene, Springfield"
North America,Northern America,USA,Oregon,139,Medford-Klamath Falls,"Medford, Klamath Falls, Ashland"
North America,Northern America,USA,Oregon,186,Bend OR,"Bend, Central Oregon"
North America,Northern America,USA,Washington,13,Seattle-Tacoma,"Seattle, Tacoma, Bellevue, Everett, Olympia"
North America,Northern America,USA,Washington,66,Spokane,"Spokane, Coeur d'Alene ID"
North America,Northern America,USA,Washington,114,Yakima-Pasco-Richland-Kennewick,"Yakima, Tri-Cities (Pasco Richland Kennewick)"
North America,Northern America,USA,Alaska,146,Anchorage,"Anchorage, Mat-Su Valley"
North America,Northern America,USA,Alaska,202,Fairbanks,"Fairbanks, Interior Alaska"
North America,Northern America,USA,Alaska,207,Juneau,"Juneau, Southeast Alaska"
North America,Northern America,USA,Hawaii,69,Honolulu,"Honolulu, All Hawaiian Islands, Oahu, Maui, Kauai, Big Island"
North America,Northern America,USA,Puerto Rico,,,,"San Juan, Ponce, Mayagüez"
North America,Northern America,USA,U.S. Virgin Islands,,,,"St. Thomas, St. Croix, St. John"
North America,Northern America,USA,Guam/Northern Mariana Islands,,,,"Guam, Saipan, Tinian"
North America,Northern America,USA,American Samoa,,,,"Pago Pago, Tutuila"
North America,Northern America,Canada,British Columbia,,,,"Vancouver, Victoria, Whistler, Kelowna"
North America,Northern America,Canada,Alberta,,,,"Calgary, Edmonton, Banff, Jasper"
North America,Northern America,Canada,Saskatchewan,,,,"Regina, Saskatoon"
North America,Northern America,Canada,Manitoba,,,,"Winnipeg, Churchill"
North America,Northern America,Canada,Ontario,,,,"Toronto, Ottawa, Niagara Falls, Thunder Bay"
North America,Northern America,Canada,Quebec,,,,"Montreal, Quebec City, Gatineau"
North America,Northern America,Canada,New Brunswick,,,,"Fredericton, Saint John, Moncton"
North America,Northern America,Canada,Prince Edward Island,,,,"Charlottetown, Summerside"
North America,Northern America,Canada,Nova Scotia,,,,"Halifax, Sydney, Yarmouth"
North America,Northern America,Canada,Newfoundland and Labrador,,,,"St. John's, Corner Brook"
North America,Northern America,Canada,Yukon,,,,"Whitehorse, Dawson City"
North America,Northern America,Canada,Northwest Territories,,,,"Yellowknife, Inuvik"
North America,Northern America,Canada,Nunavut,,,,"Iqaluit, Rankin Inlet"
North America,Central America,Mexico,Baja California Peninsula,,,,"Tijuana, Ensenada, Cabo San Lucas, La Paz"
North America,Central America,Mexico,Northern Mexico,,,,"Monterrey, Chihuahua, Hermosillo"
North America,Central America,Mexico,Pacific Coast,,,,"Mazatlán, Puerto Vallarta, Acapulco, Zihuatanejo"
North America,Central America,Mexico,Central Mexico,,,,"Mexico City, Guadalajara, Guanajuato, San Miguel de Allende"
North America,Central America,Mexico,Gulf Coast,,,,"Veracruz, Tampico"
North America,Central America,Mexico,Yucatan Peninsula,,,,"Cancún, Playa del Carmen, Mérida, Tulum"
North America,Central America,Mexico,Southern Mexico,,,,"Oaxaca, Chiapas (San Cristóbal)"
North America,Central America,Guatemala,,,,,"Guatemala City, Antigua, Lake Atitlán"
North America,Central America,Belize,,,,,"Belize City, Ambergris Caye, Placencia"
North America,Central America,El Salvador,,,,,"San Salvador, La Libertad"
North America,Central America,Honduras,,,,,"Tegucigalpa, Roatán, Copán"
North America,Central America,Nicaragua,,,,,"Managua, Granada, San Juan del Sur"
North America,Central America,Costa Rica,,,,,"San José, Manuel Antonio, Monteverde, Guanacaste"
North America,Central America,Panama,,,,,"Panama City, Bocas del Toro, San Blas Islands"
North America,Caribbean,Cuba,,,,,"Havana, Varadero"
North America,Caribbean,Jamaica,,,,,"Kingston, Montego Bay"
North America,Caribbean,Dominican Republic,,,,,"Santo Domingo, Punta Cana"
North America,Caribbean,Haiti,,,,,Port-au-Prince
North America,Caribbean,Barbados,,,,,Barbados
North America,Caribbean,Trinidad and Tobago,,,,,Trinidad and Tobago
North America,Caribbean,Aruba,,,,,Aruba
North America,Caribbean,Curaçao,,,,,Curaçao
North America,Caribbean,St. Lucia,,,,,St. Lucia
North America,Caribbean,Grenada,,,,,Grenada
North America,Caribbean,Antigua and Barbuda,,,,,Antigua and Barbuda
North America,Caribbean,St. Kitts and Nevis,,,,,St. Kitts and Nevis
North America,Caribbean,Bahamas,,,,,"Nassau, Freeport"
North America,Caribbean,Bermuda,,,,,Bermuda
North America,Caribbean,Cayman Islands,,,,,Cayman Islands
North America,Caribbean,Turks and Caicos,,,,,Turks and Caicos
South America,Northern South America,Venezuela,,,,,"Caracas, Margarita Island, Los Roques, Angel Falls"
South America,Northern South America,Colombia,,,,,"Bogotá, Cartagena, Medellín, Cali, San Andrés"
South America,Northern South America,Guyana,,,,,"Georgetown, Kaieteur Falls"
South America,Northern South America,Suriname,,,,,Paramaribo
South America,Northern South America,French Guiana,,,,,"Cayenne, Kourou"
South America,Andean States,Ecuador,,,,,"Quito, Guayaquil, Galápagos Islands, Cuenca"
South America,Andean States,Peru,,,,,"Lima, Cusco, Machu Picchu, Arequipa, Iquitos"
South America,Andean States,Bolivia,,,,,"La Paz, Sucre, Uyuni Salt Flats, Lake Titicaca"
South America,Southern Cone,Chile,,,,,"Santiago, Valparaíso, Atacama Desert, Patagonia, Easter Island"
South America,Southern Cone,Argentina,,,,,"Buenos Aires, Mendoza, Bariloche, Ushuaia, Iguazu Falls"
South America,Southern Cone,Uruguay,,,,,"Montevideo, Punta del Este, Colonia del Sacramento"
South America,Southern Cone,Paraguay,,,,,"Asunción, Ciudad del Este"
South America,Brazil,Brazil,Southeast Region,,,"São Paulo, Rio de Janeiro, Belo Horizonte"
South America,Brazil,Brazil,Northeast Region,,,"Salvador, Recife, Fortaleza, Natal"
South America,Brazil,Brazil,North Region,,,"Manaus, Belém"
South America,Brazil,Brazil,Central-West Region,,,"Brasília, Pantanal"
South America,Brazil,Brazil,South Region,,,"Porto Alegre, Curitiba, Florianópolis"
Europe,Northern Europe,Norway,,,,,"Oslo, Bergen, Trondheim, Tromsø, Fjords region"
Europe,Northern Europe,Sweden,,,,,"Stockholm, Gothenburg, Malmö, Lapland"
Europe,Northern Europe,Denmark,,,,,"Copenhagen, Aarhus, Odense"
Europe,Northern Europe,Finland,,,,,"Helsinki, Turku, Rovaniemi"
Europe,Northern Europe,Iceland,,,,,"Reykjavik, Blue Lagoon, Ring Road destinations"
Europe,Northern Europe,Estonia,,,,,Tallinn
Europe,Northern Europe,Latvia,,,,,Riga
Europe,Northern Europe,Lithuania,,,,,Vilnius
Europe,Western Europe,United Kingdom,England,,,"London, Manchester, Birmingham, Liverpool, Bath, Oxford, Cambridge"
Europe,Western Europe,United Kingdom,Scotland,,,"Edinburgh, Glasgow, Highlands"
Europe,Western Europe,United Kingdom,Wales,,,"Cardiff, Snowdonia"
Europe,Western Europe,United Kingdom,Northern Ireland,,,"Belfast, Giant's Causeway"
Europe,Western Europe,Ireland,,,,,"Dublin, Cork, Galway, Ring of Kerry"
Europe,Western Europe,France,,,,,"Paris, Lyon, Marseille, Nice, Bordeaux, Loire Valley, Normandy, Brittany, French Alps"
Europe,Western Europe,Netherlands,,,,,"Amsterdam, Rotterdam, The Hague, Utrecht"
Europe,Western Europe,Belgium,,,,,"Brussels, Bruges, Antwerp, Ghent"
Europe,Western Europe,Luxembourg,,,,,Luxembourg City
Europe,Central Europe,Germany,,,,,"Berlin, Munich, Frankfurt, Hamburg, Cologne, Dresden, Black Forest, Romantic Road"
Europe,Central Europe,Austria,,,,,"Vienna, Salzburg, Innsbruck, Hallstatt"
Europe,Central Europe,Switzerland,,,,,"Zurich, Geneva, Bern, Lucerne, Interlaken, Zermatt"
Europe,Central Europe,Poland,,,,,"Warsaw, Krakow, Gdansk, Wroclaw"
Europe,Central Europe,Czech Republic,,,,,"Prague, Český Krumlov, Brno"
Europe,Central Europe,Slovakia,,,,,"Bratislava, Košice"
Europe,Central Europe,Hungary,,,,,Budapest, Debrecen
Europe,Eastern Europe,Russia,,,,,"Moscow, St. Petersburg, Golden Ring cities, Trans-Siberian Railway cities"
Europe,Eastern Europe,Ukraine,,,,,"Kyiv, Lviv, Odessa"
Europe,Eastern Europe,Belarus,,,,,"Minsk, Brest"
Europe,Eastern Europe,Romania,,,,,"Bucharest, Transylvania, Black Sea Coast"
Europe,Eastern Europe,Bulgaria,,,,,"Sofia, Plovdiv, Black Sea resorts"
Europe,Eastern Europe,Moldova,,,,,Chișinău
Europe,Southern Europe,Spain,,,,,"Madrid, Barcelona, Seville, Valencia, Granada, Bilbao, Balearic Islands, Canary Islands"
Europe,Southern Europe,Portugal,,,,,"Lisbon, Porto, Algarve, Madeira, Azores"
Europe,Southern Europe,Italy,,,,,"Rome, Milan, Venice, Florence, Naples, Tuscany, Amalfi Coast, Sicily, Sardinia"
Europe,Southern Europe,Greece,,,,,"Athens, Thessaloniki, Greek Islands (Santorini Mykonos Crete Rhodes)"
Europe,Southern Europe,Turkey,European part,,,Istanbul (European side)
Europe,Southern Europe,Malta,,,,,"Valletta, Gozo"
Europe,Southern Europe,Cyprus,,,,,"Nicosia, Limassol"
Europe,Southern Europe,Croatia,,,,,"Zagreb, Split, Dubrovnik, Plitvice Lakes"
Europe,Southern Europe,Slovenia,,,,,"Ljubljana, Lake Bled"
Europe,Southern Europe,Bosnia and Herzegovina,,,,,"Sarajevo, Mostar"
Europe,Southern Europe,Serbia,,,,,"Belgrade, Novi Sad"
Europe,Southern Europe,Montenegro,,,,,"Podgorica, Kotor"
Europe,Southern Europe,North Macedonia,,,,,"Skopje, Ohrid"
Europe,Southern Europe,Albania,,,,,"Tirana, Albanian Riviera"
Europe,Southern Europe,Kosovo,,,,,Pristina
Africa,North Africa,Egypt,,,,,"Cairo, Luxor, Aswan, Alexandria, Red Sea resorts"
Africa,North Africa,Libya,,,,,"Tripoli, Benghazi"
Africa,North Africa,Tunisia,,,,,"Tunis, Carthage, Djerba"
Africa,North Africa,Algeria,,,,,"Algiers, Oran"
Africa,North Africa,Morocco,,,,,"Casablanca, Marrakech, Fez, Rabat, Chefchaouen"
Africa,North Africa,Western Sahara,,,,,Laayoune
Africa,West Africa,Nigeria,,,,,"Lagos, Abuja, Calabar"
Africa,West Africa,Ghana,,,,,"Accra, Kumasi, Cape Coast"
Africa,West Africa,Senegal,,,,,"Dakar, Saint-Louis"
Africa,West Africa,Mali,,,,,"Bamako, Timbuktu"
Africa,West Africa,Burkina Faso,,,,,Ouagadougou
Africa,West Africa,Niger,,,,,Niamey
Africa,West Africa,Benin,,,,,"Cotonou, Porto-Novo"
Africa,West Africa,Togo,,,,,Lomé
Africa,West Africa,Ivory Coast,,,,,"Abidjan, Yamoussoukro"
Africa,West Africa,Guinea,,,,,Conakry
Africa,West Africa,Sierra Leone,,,,,Freetown
Africa,West Africa,Liberia,,,,,Monrovia
Africa,West Africa,Mauritania,,,,,Nouakchott
Africa,West Africa,Gambia,,,,,Banjul
Africa,West Africa,Guinea-Bissau,,,,,Bissau
Africa,West Africa,Cape Verde,,,,,"Praia, Mindelo"
Africa,Central Africa,Democratic Republic of Congo,,,,,"Kinshasa, Lubumbashi"
Africa,Central Africa,Cameroon,,,,,"Yaoundé, Douala"
Africa,Central Africa,Central African Republic,,,,,Bangui
Africa,Central Africa,Chad,,,,,N'Djamena
Africa,Central Africa,Congo,,,,,Brazzaville
Africa,Central Africa,Gabon,,,,,Libreville
Africa,Central Africa,Equatorial Guinea,,,,,Malabo
Africa,Central Africa,São Tomé and Príncipe,,,,,São Tomé
Africa,East Africa,Ethiopia,,,,,"Addis Ababa, Lalibela, Gondar"
Africa,East Africa,Kenya,,,,,"Nairobi, Mombasa, Masai Mara"
Africa,East Africa,Tanzania,,,,,"Dar es Salaam, Zanzibar, Serengeti, Kilimanjaro"
Africa,East Africa,Uganda,,,,,"Kampala, Bwindi (gorillas)"
Africa,East Africa,Rwanda,,,,,"Kigali, Volcanoes National Park"
Africa,East Africa,Burundi,,,,,Bujumbura
Africa,East Africa,Somalia,,,,,Mogadishu
Africa,East Africa,Djibouti,,,,,Djibouti City
Africa,East Africa,Eritrea,,,,,Asmara
Africa,East Africa,South Sudan,,,,,Juba
Africa,East Africa,Sudan,,,,,Khartoum
Africa,Southern Africa,South Africa,,,,,"Cape Town, Johannesburg, Durban, Kruger National Park, Garden Route"
Africa,Southern Africa,Namibia,,,,,"Windhoek, Sossusvlei, Etosha"
Africa,Southern Africa,Botswana,,,,,"Gaborone, Okavango Delta"
Africa,Southern Africa,Zimbabwe,,,,,"Harare, Victoria Falls"
Africa,Southern Africa,Zambia,,,,,"Lusaka, Livingstone"
Africa,Southern Africa,Mozambique,,,,,"Maputo, Bazaruto Archipelago"
Africa,Southern Africa,Angola,,,,,Luanda
Africa,Southern Africa,Malawi,,,,,"Lilongwe, Lake Malawi"
Africa,Southern Africa,Madagascar,,,,,"Antananarivo, Nosy Be"
Africa,Southern Africa,Mauritius,,,,,"Port Louis, Beach resorts"
Africa,Southern Africa,Seychelles,,,,,"Victoria, Island resorts"
Africa,Southern Africa,Comoros,,,,,Moroni
Africa,Southern Africa,Swaziland (Eswatini),,,,,Mbabane
Africa,Southern Africa,Lesotho,,,,,Maseru
Asia,East Asia,China,,,,,"Beijing, Shanghai, Hong Kong, Guangzhou, Xi'an, Chengdu, Guilin, Tibet (Lhasa)"
Asia,East Asia,Japan,,,,,"Tokyo, Osaka, Kyoto, Hiroshima, Sapporo, Okinawa"
Asia,East Asia,South Korea,,,,,"Seoul, Busan, Jeju Island"
Asia,East Asia,North Korea,,,,,Pyongyang
Asia,East Asia,Mongolia,,,,,"Ulaanbaatar, Gobi Desert"
Asia,East Asia,Taiwan,,,,,"Taipei, Kaohsiung, Taroko Gorge"
Asia,Southeast Asia,Thailand,,,,,"Bangkok, Chiang Mai, Phuket, Pattaya, Koh Samui"
Asia,Southeast Asia,Vietnam,,,,,"Hanoi, Ho Chi Minh City, Ha Long Bay, Hoi An, Da Nang"
Asia,Southeast Asia,Cambodia,,,,,"Phnom Penh, Siem Reap (Angkor Wat)"
Asia,Southeast Asia,Laos,,,,,"Vientiane, Luang Prabang"
Asia,Southeast Asia,Myanmar,,,,,"Yangon, Bagan, Mandalay"
Asia,Southeast Asia,Malaysia,,,,,"Kuala Lumpur, Penang, Langkawi, Borneo (Sabah Sarawak)"
Asia,Southeast Asia,Singapore,,,,,Singapore
Asia,Southeast Asia,Indonesia,,,,,"Jakarta, Bali, Yogyakarta, Sumatra, Sulawesi"
Asia,Southeast Asia,Philippines,,,,,"Manila, Cebu, Boracay, Palawan"
Asia,Southeast Asia,Brunei,,,,,Bandar Seri Begawan
Asia,Southeast Asia,East Timor,,,,,Dili
Asia,South Asia,India,,,,,"Delhi, Mumbai, Bangalore, Kolkata, Chennai, Goa, Kerala, Rajasthan (Jaipur Udaipur), Agra (Taj Mahal), Varanasi"
Asia,South Asia,Pakistan,,,,,"Islamabad, Karachi, Lahore"
Asia,South Asia,Bangladesh,,,,,"Dhaka, Chittagong"
Asia,South Asia,Sri Lanka,,,,,"Colombo, Kandy, Galle"
Asia,South Asia,Nepal,,,,,"Kathmandu, Pokhara, Everest region"
Asia,South Asia,Bhutan,,,,,"Thimphu, Paro"
Asia,South Asia,Maldives,,,,,"Malé, Resort islands"
Asia,Central Asia,Kazakhstan,,,,,"Nur-Sultan (Astana), Almaty"
Asia,Central Asia,Uzbekistan,,,,,"Tashkent, Samarkand, Bukhara"
Asia,Central Asia,Turkmenistan,,,,,Ashgabat
Asia,Central Asia,Kyrgyzstan,,,,,"Bishkek, Issyk-Kul"
Asia,Central Asia,Tajikistan,,,,,Dushanbe
Asia,Central Asia,Afghanistan,,,,,Kabul
Asia,Western Asia (Middle East),Turkey,,,,,"Istanbul, Ankara, Cappadocia, Antalya, Ephesus"
Asia,Western Asia (Middle East),Iran,,,,,"Tehran, Isfahan, Shiraz, Persepolis"
Asia,Western Asia (Middle East),Iraq,,,,,"Baghdad, Erbil"
Asia,Western Asia (Middle East),Syria,,,,,"Damascus, Aleppo"
Asia,Western Asia (Middle East),Lebanon,,,,,"Beirut, Baalbek"
Asia,Western Asia (Middle East),Israel,,,,,"Jerusalem, Tel Aviv, Dead Sea, Eilat"
Asia,Western Asia (Middle East),Palestine,,,,,"Bethlehem, Ramallah"
Asia,Western Asia (Middle East),Jordan,,,,,"Amman, Petra, Wadi Rum"
Asia,Western Asia (Middle East),Saudi Arabia,,,,,"Riyadh, Jeddah, Mecca, Medina"
Asia,Western Asia (Middle East),Yemen,,,,,"Sana'a, Aden"
Asia,Western Asia (Middle East),Oman,,,,,"Muscat, Salalah"
Asia,Western Asia (Middle East),United Arab Emirates,,,,,"Dubai, Abu Dhabi, Sharjah"
Asia,Western Asia (Middle East),Qatar,,,,,Doha
Asia,Western Asia (Middle East),Bahrain,,,,,Manama
Asia,Western Asia (Middle East),Kuwait,,,,,Kuwait City
Asia,Western Asia (Middle East),Armenia,,,,,Yerevan
Asia,Western Asia (Middle East),Georgia,,,,,"Tbilisi, Batumi"
Asia,Western Asia (Middle East),Azerbaijan,,,,,Baku
Oceania,Australia,Australia,New South Wales,,,"Sydney, Blue Mountains, Byron Bay, Hunter Valley"
Oceania,Australia,Australia,Victoria,,,"Melbourne, Great Ocean Road, Phillip Island"
Oceania,Australia,Australia,Queensland,,,"Brisbane, Gold Coast, Cairns, Great Barrier Reef, Whitsundays"
Oceania,Australia,Australia,Western Australia,,,"Perth, Margaret River, Broome"
Oceania,Australia,Australia,South Australia,,,"Adelaide, Kangaroo Island, Barossa Valley"
Oceania,Australia,Australia,Tasmania,,,"Hobart, Launceston, Cradle Mountain"
Oceania,Australia,Australia,Northern Territory,,,"Darwin, Alice Springs, Uluru"
Oceania,Australia,Australia,Australian Capital Territory,,,Canberra
Oceania,New Zealand,New Zealand,North Island,,,"Auckland, Wellington, Rotorua, Bay of Islands"
Oceania,New Zealand,New Zealand,South Island,,,"Christchurch, Queenstown, Milford Sound, Franz Josef Glacier"
Oceania,Pacific Islands,Papua New Guinea,,,,,Port Moresby
Oceania,Pacific Islands,Fiji,,,,,"Suva, Nadi"
Oceania,Pacific Islands,Solomon Islands,,,,,Honiara
Oceania,Pacific Islands,Vanuatu,,,,,Port Vila
Oceania,Pacific Islands,New Caledonia,,,,,Nouméa
Oceania,Pacific Islands,Palau,,,,,Koror
Oceania,Pacific Islands,Federated States of Micronesia,,,,,Palikir
Oceania,Pacific Islands,Marshall Islands,,,,,Majuro
Oceania,Pacific Islands,Nauru,,,,,Yaren
Oceania,Pacific Islands,Kiribati,,,,,Tarawa
Oceania,Pacific Islands,Samoa,,,,,Apia
Oceania,Pacific Islands,Tonga,,,,,Nuku'alofa
Oceania,Pacific Islands,French Polynesia,,,,,"Tahiti, Bora Bora"
Oceania,Pacific Islands,Cook Islands,,,,,Rarotonga
Oceania,Pacific Islands,Tuvalu,,,,,Funafuti
Oceania,Pacific Islands,Niue,,,,,Alofi
Oceania,Pacific Islands,Tokelau,,,,,Tokelau
Oceania,Pacific Islands,Pitcairn Islands,,,,,Pitcairn Islands
Antarctica,,Antarctica,Research Stations,,,"McMurdo Station (USA), Amundsen-Scott South Pole Station (USA), Rothera Research Station (UK), Mawson Station (Australia)"
Antarctica,,Antarctica,Tourist Landing Sites,,,"Antarctic Peninsula, South Shetland Islands, Ross Sea region"